"id","name_unique","title","description","flags","time_step","sim_speed","current_speed","voltage_range","power_range","created_at","updated_at","topic","completion_status"
"344","ohms.txt","Ohm's Law","","1","5.0e-06","10.3914096334558","50.0","5.0","50.0","2012-07-30 01:53:33.574181","2012-07-30 01:53:33.574181","Basics","under_development"
"345","default.txt","Default","","1","1.0e-06","14.2356337507453","50.0","5.0","50.0","2012-07-30 01:53:33.628185","2012-07-30 01:53:33.628185","Basics","complete"
"346","resistors.txt","Resistors","","1","5.0e-06","10.0","50.0","5.0","0.0","2012-07-30 01:53:33.638185","2012-07-30 01:53:33.638185","Basics","complete"
"347","cap.txt","Capacitor","","1","5.0e-06","16.0","50.0","5.0","0.0","2012-07-30 01:53:33.660186","2012-07-30 01:53:33.660186","Basics","complete"
"348","induct.txt","Inductor","","1","5.0e-06","16.0","50.0","5.0","0.0","2012-07-30 01:53:33.673187","2012-07-30 01:53:33.673187","Basics","complete"
"349","lrc.txt","LRC Circuit","","1","5.0e-06","10.0","50.0","5.0","43.0","2012-07-30 01:53:33.685188","2012-07-30 01:53:33.685188","Basics","complete"
"350","voltdivide.txt","Voltage Divider","","1","5.0e-06","10.0","63.0","10.0","62.0","2012-07-30 01:53:33.700189","2012-07-30 01:53:33.700189","Basics","complete"
"351","pot.txt","Potentiometer","","1","5.0e-06","10.20027730827","50.0","5.0","50.0","2012-07-30 01:53:33.715189","2012-07-30 01:53:33.715189","Basics","under_development"
"352","potdivide.txt","Potentiometer Divider","","1","5.0e-06","10.20027730827","50.0","5.0","50.0","2012-07-30 01:53:33.725190","2012-07-30 01:53:33.725190","Basics","under_development"
"353","thevenin.txt","Thevenin's Theorem","","17","5.0e-06","10.8","50.0","5.0","0.0","2012-07-30 01:53:33.739191","2012-07-30 01:53:33.739191","Basics","complete"
"354","norton.txt","Norton's Theorem","","17","5.0e-06","10.8","50.0","5.0","0.0","2012-07-30 01:53:33.772193","2012-07-30 01:53:33.772193","Basics","complete"
"355","capac.txt","Capacitor","","1","5.0e-06","14.3","55.0","5.0","0.0","2012-07-30 01:53:33.801194","2012-07-30 01:53:33.801194","A/C Circuits","complete"
"356","inductac.txt","Inductor","","1","5.0e-06","14.3","55.0","5.0","0.0","2012-07-30 01:53:33.809195","2012-07-30 01:53:33.809195","A/C Circuits","complete"
"357","capmultcaps.txt","Caps of Various Capacitances","","1","5.0e-06","10.0","54.0","5.0","50.0","2012-07-30 01:53:33.836196","2012-07-30 01:53:33.836196","A/C Circuits","complete"
"358","capmultfreq.txt","Caps w/ Various Frequencies","","1","5.0e-06","10.0","54.0","5.0","50.0","2012-07-30 01:53:33.853197","2012-07-30 01:53:33.853197","A/C Circuits","complete"
"359","indmultind.txt","Inductors of Various Inductances","","1","5.0e-06","10.0","53.0","5.0","46.0","2012-07-30 01:53:33.871198","2012-07-30 01:53:33.871198","A/C Circuits","complete"
"360","indmultfreq.txt","Inductors w/ Various Frequencies","","1","5.0e-06","10.0","53.0","5.0","46.0","2012-07-30 01:53:33.887199","2012-07-30 01:53:33.887199","A/C Circuits","complete"
"361","impedance.txt","Impedances of Same Magnitude","","1","5.0e-06","4.79878890630953","54.0","5.0","48.0","2012-07-30 01:53:33.904200","2012-07-30 01:53:33.904200","A/C Circuits","complete"
"362","res-series.txt","Series Resonance","","1","5.0e-06","15.0","48.0","5.0","0.0","2012-07-30 01:53:33.922201","2012-07-30 01:53:33.922201","A/C Circuits","complete"
"363","res-par.txt","Parallel Resonance","","1","5.0e-06","15.0","53.0","5.0","0.0","2012-07-30 01:53:33.942202","2012-07-30 01:53:33.942202","A/C Circuits","complete"
"364","filt-hipass.txt","High-Pass Filter (RC)","","1","5.0e-06","6.49944321046782","50.0","5.0","50.0","2012-07-30 01:53:33.971204","2012-07-30 01:53:33.971204","Passive Filters","complete"
"365","filt-lopass.txt","Low-Pass Filter (RC)","","1","5.0e-06","6.49944321046782","50.0","5.0","50.0","2012-07-30 01:53:33.982205","2012-07-30 01:53:33.982205","Passive Filters","complete"
"366","filt-hipass-l.txt","High-Pass Filter (RL)","","1","5.0e-06","6.49944321046782","50.0","5.0","50.0","2012-07-30 01:53:33.993205","2012-07-30 01:53:33.993205","Passive Filters","complete"
"367","filt-lopass-l.txt","Low-Pass Filter (RL)","","1","5.0e-06","6.49944321046782","50.0","5.0","50.0","2012-07-30 01:53:34.004206","2012-07-30 01:53:34.004206","Passive Filters","complete"
"368","bandpass.txt","Band-pass Filter","","1","5.0e-06","10.3914096334558","50.0","5.0","46.0","2012-07-30 01:53:34.032208","2012-07-30 01:53:34.032208","Passive Filters","complete"
"369","notch.txt","Notch Filter","","1","5.0e-06","10.3914096334558","50.0","5.0","40.0","2012-07-30 01:53:34.048209","2012-07-30 01:53:34.048209","Passive Filters","complete"
"370","twint.txt","Twin-T Filter","","1","5.0e-06","10.3914096334558","50.0","5.0","50.0","2012-07-30 01:53:34.062209","2012-07-30 01:53:34.062209","Passive Filters","complete"
"371","crossover.txt","Crossover","","0","5.0e-06","10.8122585013258","50.0","5.0","50.0","2012-07-30 01:53:34.082210","2012-07-30 01:53:34.082210","Passive Filters","complete"
"372","butter10lo.txt","Butterworth Low-Pass (10 pole)","","1","5.0e-06","5.02327229870882","49.0","5.0","50.0","2012-07-30 01:53:34.109212","2012-07-30 01:53:34.109212","Passive Filters","complete"
"373","besselbutter.txt","Bessel vs Butterworth","","1","5.0e-06","1.16853197684025","49.0","5.0","50.0","2012-07-30 01:53:34.133213","2012-07-30 01:53:34.133213","Passive Filters","complete"
"374","ringing.txt","Band-pass with Ringing","","1","5.0e-06","4.62163362158925","50.0","5.0","46.0","2012-07-30 01:53:34.168215","2012-07-30 01:53:34.168215","Passive Filters","complete"
"375","indseries.txt","Inductors in Series","","1","5.0e-06","10.0","50.0","5.0","0.0","2012-07-30 01:53:34.184216","2012-07-30 01:53:34.184216","Series/Parallel","complete"
"376","indpar.txt","Inductors in Parallel","","1","5.0e-06","10.0","50.0","5.0","0.0","2012-07-30 01:53:34.220218","2012-07-30 01:53:34.220218","Series/Parallel","complete"
"377","capseries.txt","Caps in Series","","1","5.0e-06","10.0","50.0","5.0","0.0","2012-07-30 01:53:34.243220","2012-07-30 01:53:34.243220","Series/Parallel","complete"
"378","cappar.txt","Caps in Parallel","","1","5.0e-06","18.0","50.0","5.0","0.0","2012-07-30 01:53:34.263221","2012-07-30 01:53:34.263221","Series/Parallel","complete"
"379","transformer.txt","Transformer","","1","5.0e-06","9.0","54.0","5.0","0.0","2012-07-30 01:53:34.285222","2012-07-30 01:53:34.285222","Transformers","under_development"
"380","transformerdc.txt","Transformer w/ DC","","1","5.0e-06","10.0","50.0","5.0","42.0","2012-07-30 01:53:34.300223","2012-07-30 01:53:34.300223","Transformers","under_development"
"381","transformerup.txt","Step-Up Transformer","","1","5.0e-06","9.0","43.0","5.0","42.0","2012-07-30 01:53:34.316224","2012-07-30 01:53:34.316224","Transformers","under_development"
"382","transformerdown.txt","Step-Down Transformer","","1","5.0e-06","9.0","47.0","5.0","30.0","2012-07-30 01:53:34.331225","2012-07-30 01:53:34.331225","Transformers","under_development"
"383","longdist.txt","Long-Distance Power Transmission","","1","5.0e-06","9.00171313005218","39.0","120.0","42.0","2012-07-30 01:53:34.348226","2012-07-30 01:53:34.348226","Transformers","under_development"
"384","relay.txt","Relay","","1","5.0e-06","10.20027730827","50.0","5.0","50.0","2012-07-30 01:53:34.374227","2012-07-30 01:53:34.374227","Relays","under_development"
"385","relayand.txt","Relay AND","","1","5.0e-06","10.20027730827","44.0","5.0","50.0","2012-07-30 01:53:34.388228","2012-07-30 01:53:34.388228","Relays","under_development"
"386","relayor.txt","Relay OR","","1","5.0e-06","10.20027730827","44.0","5.0","50.0","2012-07-30 01:53:34.428230","2012-07-30 01:53:34.428230","Relays","under_development"
"387","relayxor.txt","Relay XOR","","1","5.0e-06","10.20027730827","47.0","5.0","50.0","2012-07-30 01:53:34.452232","2012-07-30 01:53:34.452232","Relays","under_development"
"388","relaymux.txt","Relay Mux","","1","5.0e-06","10.20027730827","50.0","5.0","50.0","2012-07-30 01:53:34.471233","2012-07-30 01:53:34.471233","Relays","under_development"
"389","relayff.txt","Relay Flip-Flop","","1","5.0e-06","10.20027730827","45.0","5.0","50.0","2012-07-30 01:53:34.499234","2012-07-30 01:53:34.499234","Relays","under_development"
"390","relaytff.txt","Relay Toggle Flip-Flop","","1","1.0e-05","18.2789155586148","50.0","5.0","50.0","2012-07-30 01:53:34.519235","2012-07-30 01:53:34.519235","Relays","under_development"
"391","relayctr.txt","Relay Counter","","1","0.0001","0.379366789468318","42.0","5.0","50.0","2012-07-30 01:53:34.559238","2012-07-30 01:53:34.559238","Relays","under_development"
"392","3way.txt","3-Way Light Switches","","1","5.0e-06","3.0","44.0","120.0","15.0","2012-07-30 01:53:34.659243","2012-07-30 01:53:34.659243","Other Passive Circuits","under_development"
"393","4way.txt","3- and 4-Way Light Switches","","1","5.0e-06","3.0","44.0","120.0","15.0","2012-07-30 01:53:34.674244","2012-07-30 01:53:34.674244","Other Passive Circuits","under_development"
"394","diff.txt","Differentiator","","1","5.0e-06","10.0","50.0","5.0","0.0","2012-07-30 01:53:34.694245","2012-07-30 01:53:34.694245","Other Passive Circuits","complete"
"395","wheatstone.txt","Wheatstone Bridge","","1","1.0e-08","12.2356337507453","30.0","120.0","50.0","2012-07-30 01:53:34.705246","2012-07-30 01:53:34.705246","Other Passive Circuits","under_development"
"396","lrc-critical.txt","Critically Damped LRC","","1","5.0e-06","10.0","50.0","5.0","0.0","2012-07-30 01:53:34.718247","2012-07-30 01:53:34.718247","Other Passive Circuits","complete"
"397","currentsrcelm.txt","Current Source","","1","5.0e-06","10.0","50.0","5.0","0.0","2012-07-30 01:53:34.734248","2012-07-30 01:53:34.734248","Other Passive Circuits","under_development"
"398","inductkick.txt","Inductive Kickback","","1","5.0e-06","10.0","50.0","5.0","42.0","2012-07-30 01:53:34.757249","2012-07-30 01:53:34.757249","Other Passive Circuits","complete"
"399","inductkick-snub.txt","Blocking Inductive Kickback","","1","5.0e-06","10.0","50.0","5.0","42.0","2012-07-30 01:53:34.790251","2012-07-30 01:53:34.790251","Other Passive Circuits","complete"
"400","powerfactor1.txt","Power Factor","","13","5.0e-06","10.0","47.0","120.0","28.0","2012-07-30 01:53:34.805252","2012-07-30 01:53:34.805252","Other Passive Circuits","under_development"
"401","powerfactor2.txt","Power Factor Correction","","13","5.0e-06","10.0","50.0","120.0","28.0","2012-07-30 01:53:34.817253","2012-07-30 01:53:34.817253","Other Passive Circuits","under_development"
"402","grid.txt","Resistor Grid","","17","5.0e-06","2.0","46.0","5.0","42.0","2012-07-30 01:53:34.836254","2012-07-30 01:53:34.836254","Other Passive Circuits","complete"
"403","grid2.txt","Resistor Grid 2","","17","5.0e-06","2.0","46.0","5.0","0.0","2012-07-30 01:53:34.901257","2012-07-30 01:53:34.901257","Other Passive Circuits","complete"
"404","cube.txt","Resistor Cube","","1","5.0e-06","10.3914096334558","50.0","5.0","50.0","2012-07-30 01:53:35.032265","2012-07-30 01:53:35.032265","Other Passive Circuits","under_development"
"405","coupled1.txt","LC Modes (2)","","1","5.0e-06","12.6824939607035","55.0","5.0","50.0","2012-07-30 01:53:35.049266","2012-07-30 01:53:35.049266","Coupled LC's","complete"
"406","coupled2.txt","Weak Coupling","","1","5.0e-06","11.2510131860764","63.0","5.0","50.0","2012-07-30 01:53:35.068267","2012-07-30 01:53:35.068267","Coupled LC's","complete"
"407","coupled3.txt","LC Modes (3)","","1","5.0e-06","17.502039940094","55.0","5.0","50.0","2012-07-30 01:53:35.090268","2012-07-30 01:53:35.090268","Coupled LC's","complete"
"408","ladder.txt","LC Ladder","","17","5.0e-06","3.0","44.0","5.0","35.0","2012-07-30 01:53:35.146271","2012-07-30 01:53:35.146271","Coupled LC's","complete"
"409","phaseseq.txt","Phase-Sequence Network","","1","2.0e-05","6.7","50.0","5.0","0.0","2012-07-30 01:53:35.216275","2012-07-30 01:53:35.216275","Other Passive Circuits","complete"
"410","lissa.txt","Lissajous Figures","","1","5.0e-06","52.8699698894549","50.0","5.0","50.0","2012-07-30 01:53:35.272279","2012-07-30 01:53:35.272279","Other Passive Circuits","under_development"
"411","diodevar.txt","Diode","","1","5.0e-06","10.3914096334558","50.0","1.0","50.0","2012-07-30 01:53:35.314281","2012-07-30 01:53:35.314281","Diodes","under_development"
"412","diodecurve.txt","Diode I/V Curve","","1","5.0e-06","10.8122585013258","50.0","2.0","50.0","2012-07-30 01:53:35.322281","2012-07-30 01:53:35.322281","Diodes","under_development"
"413","rectify.txt","Half-Wave Rectifier","","1","5.0e-06","13.2","55.0","5.0","0.0","2012-07-30 01:53:35.331282","2012-07-30 01:53:35.331282","Diodes","under_development"
"414","fullrect.txt","Full-Wave Rectifier","","1","5.0e-06","10.0","53.0","5.0","50.0","2012-07-30 01:53:35.341283","2012-07-30 01:53:35.341283","Diodes","under_development"
"415","fullrectf.txt","Full-Wave Rectifier w/ Filter","","1","5.0e-06","10.0","50.0","5.0","48.0","2012-07-30 01:53:35.359284","2012-07-30 01:53:35.359284","Diodes","under_development"
"416","diodelimit.txt","Diode Limiter","","1","5.0e-06","10.0","50.0","5.0","0.0","2012-07-30 01:53:35.379285","2012-07-30 01:53:35.379285","Diodes","under_development"
"417","zeneriv.txt","I/V Curve","","1","5.0e-06","10.6342675398166","40.0","2.0","50.0","2012-07-30 01:53:35.392285","2012-07-30 01:53:35.392285","Zener Diodes","under_development"
"418","zenerref.txt","Voltage Reference","","1","5.0e-06","10.20027730827","54.0","5.0","50.0","2012-07-30 01:53:35.401286","2012-07-30 01:53:35.401286","Zener Diodes","under_development"
"419","zenerreffollow.txt","Voltage Reference w/ Follower","","1","5.0e-06","10.20027730827","56.0","5.0","50.0","2012-07-30 01:53:35.414287","2012-07-30 01:53:35.414287","Zener Diodes","under_development"
"420","dcrestoration.txt","DC Restoration","","1","1.0e-06","7.0","59.0","5.0","0.0","2012-07-30 01:53:35.431288","2012-07-30 01:53:35.431288","Diodes","under_development"
"421","inductkick-block.txt","Blocking Inductive Kickback","","1","5.0e-06","10.0","50.0","5.0","42.0","2012-07-30 01:53:35.443288","2012-07-30 01:53:35.443288","Diodes","under_development"
"422","spikegen.txt","Spike Generator","","1","5.0e-06","10.0","50.0","5.0","0.0","2012-07-30 01:53:35.457289","2012-07-30 01:53:35.457289","Diodes","complete"
"423","voltdouble.txt","Voltage Doubler","","1","5.0e-06","10.0","53.0","15.0","45.0","2012-07-30 01:53:35.469290","2012-07-30 01:53:35.469290","Voltage Multipliers","under_development"
"424","voltdouble2.txt","Voltage Doubler 2","","1","5.0e-06","10.0","50.0","15.0","45.0","2012-07-30 01:53:35.485291","2012-07-30 01:53:35.485291","Voltage Multipliers","under_development"
"425","volttriple.txt","Voltage Tripler","","1","5.0e-06","10.0","53.0","15.0","45.0","2012-07-30 01:53:35.499292","2012-07-30 01:53:35.499292","Voltage Multipliers","under_development"
"426","voltquad.txt","Voltage Quadrupler","","1","5.0e-06","10.0","53.0","15.0","45.0","2012-07-30 01:53:35.534294","2012-07-30 01:53:35.534294","Voltage Multipliers","under_development"
"427","amdetect.txt","AM Detector","","4","5.0e-06","25.23","50.0","5.0","50.0","2012-07-30 01:53:35.553295","2012-07-30 01:53:35.553295","Diodes","under_development"
"428","diodeclip.txt","Waveform Clipper","","1","5.0e-06","11.2510131860764","58.0","5.0","50.0","2012-07-30 01:53:35.575296","2012-07-30 01:53:35.575296","Diodes","under_development"
"429","sinediode.txt","Triangle-to-Sine Converter","","1","5.0e-06","3.58","58.0","5.0","59.0","2012-07-30 01:53:35.592297","2012-07-30 01:53:35.592297","Diodes","under_development"
"430","ringmod.txt","Ring Modulator","","17","5.0e-06","1.77254241214616","41.0","3.0","50.0","2012-07-30 01:53:35.638299","2012-07-30 01:53:35.638299","Diodes","under_development"
"431","opamp.txt","Op-Amp","","1","5.0e-06","10.8122585013258","50.0","5.0","50.0","2012-07-30 01:53:35.668301","2012-07-30 01:53:35.668301","Op-Amps","under_development"
"432","opampfeedback.txt","Op-Amp Feedback","","1","5.0e-06","11.2510131860764","50.0","5.0","50.0","2012-07-30 01:53:35.676302","2012-07-30 01:53:35.676302","Op-Amps","under_development"
"433","amp-invert.txt","Inverting Amplifier","","1","5.0e-06","10.0","57.0","5.0","0.0","2012-07-30 01:53:35.686302","2012-07-30 01:53:35.686302","Amplifiers","complete"
"434","amp-noninvert.txt","Noninverting Amplifier","","1","5.0e-06","10.0","57.0","5.0","0.0","2012-07-30 01:53:35.719304","2012-07-30 01:53:35.719304","Amplifiers","complete"
"435","amp-follower.txt","Follower","","1","5.0e-06","10.3914096334558","57.0","5.0","50.0","2012-07-30 01:53:35.734305","2012-07-30 01:53:35.734305","Amplifiers","complete"
"436","amp-diff.txt","Differential Amplifier","","1","5.0e-06","10.0","57.0","5.0","50.0","2012-07-30 01:53:35.750306","2012-07-30 01:53:35.750306","Amplifiers","complete"
"437","amp-sum.txt","Summing Amplifier","","1","5.0e-06","16.0","57.0","5.0","50.0","2012-07-30 01:53:35.769307","2012-07-30 01:53:35.769307","Amplifiers","complete"
"438","logconvert.txt","Log Amplifier","","1","5.0e-06","12.1853197684025","54.0","5.0","50.0","2012-07-30 01:53:35.790308","2012-07-30 01:53:35.790308","Amplifiers","under_development"
"439","classd.txt","Class-D Amplifier","","1","5.0e-06","8.53119499606726","50.0","5.0","50.0","2012-07-30 01:53:35.823310","2012-07-30 01:53:35.823310","Amplifiers","under_development"
"440","relaxosc.txt","Relaxation Oscillator","","1","5.0e-06","10.20027730827","61.0","10.0","50.0","2012-07-30 01:53:35.846311","2012-07-30 01:53:35.846311","Oscillators","under_development"
"441","phaseshiftosc.txt","Phase-Shift Oscillator","","1","5.0e-06","13.0974153210819","58.0","5.0","50.0","2012-07-30 01:53:35.863312","2012-07-30 01:53:35.863312","Oscillators","complete"
"442","triangle.txt","Triangle Wave Generator","","1","5.0e-06","10.20027730827","60.0","6.0","50.0","2012-07-30 01:53:35.884314","2012-07-30 01:53:35.884314","Oscillators","under_development"
"443","sine.txt","Sine Wave Generator","","1","5.0e-06","10.8122585013258","53.0","15.0","50.0","2012-07-30 01:53:35.920316","2012-07-30 01:53:35.920316","Oscillators","under_development"
"444","sawtooth.txt","Sawtooth Wave Generator","","1","5.0e-06","10.6342675398166","63.0","5.0","50.0","2012-07-30 01:53:35.943317","2012-07-30 01:53:35.943317","Oscillators","complete"
"445","vco.txt","Voltage-Controlled Oscillator","","1","5.0e-06","8.87289748812726","75.0","5.0","50.0","2012-07-30 01:53:35.966318","2012-07-30 01:53:35.966318","Oscillators","under_development"
"446","rossler.txt","Rossler Circuit","","3","5.0e-06","2.8988752939671","66.0","5.0","50.0","2012-07-30 01:53:36.002320","2012-07-30 01:53:36.002320","Oscillators","under_development"
"447","amp-rect.txt","Half-Wave Rectifier (inverting)","","1","5.0e-06","10.0","71.0","1.0","0.0","2012-07-30 01:53:36.054323","2012-07-30 01:53:36.054323","Op-Amps","under_development"
"448","amp-fullrect.txt","Full-Wave Rectifier","","1","5.0e-06","16.0","62.0","1.0","50.0","2012-07-30 01:53:36.089325","2012-07-30 01:53:36.089325","Op-Amps","under_development"
"449","peak-detect.txt","Peak Detector","","1","5.0e-06","10.0","50.0","5.0","0.0","2012-07-30 01:53:36.113327","2012-07-30 01:53:36.113327","Op-Amps","under_development"
"450","amp-integ.txt","Integrator","","1","5.0e-06","10.3914096334558","57.0","5.0","50.0","2012-07-30 01:53:36.138328","2012-07-30 01:53:36.138328","Op-Amps","under_development"
"451","amp-dfdx.txt","Differentiator","","1","5.0e-06","10.0","57.0","5.0","0.0","2012-07-30 01:53:36.156329","2012-07-30 01:53:36.156329","Op-Amps","under_development"
"452","amp-schmitt.txt","Schmitt Trigger","","1","5.0e-06","10.0","66.0","5.0","0.0","2012-07-30 01:53:36.172330","2012-07-30 01:53:36.172330","Op-Amps","under_development"
"453","nic-r.txt","Negative Impedance Converter","","1","5.0e-06","10.0","50.0","5.0","0.0","2012-07-30 01:53:36.194331","2012-07-30 01:53:36.194331","Op-Amps","under_development"
"454","gyrator.txt","Gyrator","","1","5.0e-06","10.6342675398166","57.0","5.0","50.0","2012-07-30 01:53:36.213332","2012-07-30 01:53:36.213332","Op-Amps","under_development"
"455","capmult.txt","Capacitance Multiplier","","1","5.0e-06","18.2789155586148","60.0","5.0","50.0","2012-07-30 01:53:36.232333","2012-07-30 01:53:36.232333","Op-Amps","under_development"
"456","howland.txt","Howland Current Source","","1","5.0e-06","10.3914096334558","58.0","5.0","50.0","2012-07-30 01:53:36.256335","2012-07-30 01:53:36.256335","Op-Amps","under_development"
"457","itov.txt","I-to-V Converter","","1","5.0e-06","10.0","59.0","5.0","0.0","2012-07-30 01:53:36.295337","2012-07-30 01:53:36.295337","Op-Amps","under_development"
"458","opamp-regulator.txt","Voltage Regulator","","1","5.0e-06","10.20027730827","50.0","5.0","50.0","2012-07-30 01:53:36.315338","2012-07-30 01:53:36.315338","Op-Amps","under_development"
"459","opint.txt","741 Internals","","1","5.0e-06","1.56426318841882","60.0","15.0","66.0","2012-07-30 01:53:36.353340","2012-07-30 01:53:36.353340","Op-Amps","under_development"
"460","opint-invert-amp.txt","741 (inverting amplifier)","","1","1.0e-05","1.56426318841882","54.0","15.0","66.0","2012-07-30 01:53:36.461347","2012-07-30 01:53:36.461347","Op-Amps","under_development"
"461","opint-slew.txt","741 Slew Rate","","1","2.0e-07","1.07510131860764","58.0","15.0","66.0","2012-07-30 01:53:36.557352","2012-07-30 01:53:36.557352","Op-Amps","under_development"
"462","opint-current.txt","741 Current Limits","","1","1.0e-05","1.56426318841882","54.0","15.0","66.0","2012-07-30 01:53:36.673359","2012-07-30 01:53:36.673359","Op-Amps","under_development"
"463","npn.txt","NPN Transistor","","1","5.0e-06","10.8122585013258","43.0","2.0","50.0","2012-07-30 01:53:36.755363","2012-07-30 01:53:36.755363","Transistors","under_development"
"464","pnp.txt","PNP Transistor","","1","5.0e-06","11.2510131860764","43.0","2.0","50.0","2012-07-30 01:53:36.765364","2012-07-30 01:53:36.765364","Transistors","under_development"
"465","transswitch.txt","Switch","","1","5.0e-06","10.0","50.0","5.0","0.0","2012-07-30 01:53:36.796366","2012-07-30 01:53:36.796366","Transistors","under_development"
"466","follower.txt","Emitter Follower","","1","5.0e-06","10.0","50.0","5.0","0.0","2012-07-30 01:53:36.809366","2012-07-30 01:53:36.809366","Transistors","under_development"
"467","multivib-a.txt","Astable Multivib","","1","5.0e-06","8.20343756821538","50.0","5.0","50.0","2012-07-30 01:53:36.827368","2012-07-30 01:53:36.827368","Multivibrators","under_development"
"468","multivib-bi.txt","Bistable Multivib (Flip-Flop)","","1","5.0e-06","10.3914096334558","50.0","5.0","50.0","2012-07-30 01:53:36.852369","2012-07-30 01:53:36.852369","Multivibrators","under_development"
"469","multivib-mono.txt","Monostable Multivib (One-Shot)","","1","5.0e-06","8.6","50.0","5.0","50.0","2012-07-30 01:53:36.878370","2012-07-30 01:53:36.878370","Multivibrators","under_development"
"470","ceamp.txt","Common-Emitter Amplifier","","1","5.0e-06","16.0","60.0","15.0","53.0","2012-07-30 01:53:36.900372","2012-07-30 01:53:36.900372","Transistors","under_development"
"471","phasesplit.txt","Unity-Gain Phase Splitter","","1","5.0e-06","18.0","64.0","10.0","53.0","2012-07-30 01:53:36.919373","2012-07-30 01:53:36.919373","Transistors","under_development"
"472","schmitt.txt","Schmitt Trigger","","1","5.0e-06","16.13","50.0","5.0","50.0","2012-07-30 01:53:36.942374","2012-07-30 01:53:36.942374","Transistors","under_development"
"473","currentsrc.txt","Current Source","","1","5.0e-06","10.3914096334558","58.0","10.0","50.0","2012-07-30 01:53:36.986377","2012-07-30 01:53:36.986377","Transistors","under_development"
"474","currentsrcramp.txt","Current Source Ramp","","1","5.0e-06","15.0","53.0","10.0","0.0","2012-07-30 01:53:37.002378","2012-07-30 01:53:37.002378","Transistors","under_development"
"475","mirror.txt","Current Mirror","","1","5.0e-06","11.7084355248007","50.0","5.0","50.0","2012-07-30 01:53:37.020379","2012-07-30 01:53:37.020379","Transistors","under_development"
"476","darlington.txt","Darlington Pair","","1","5.0e-06","10.20027730827","56.0","5.0","50.0","2012-07-30 01:53:37.044380","2012-07-30 01:53:37.044380","Transistors","under_development"
"477","trans-diffamp.txt","Differential Input","","1","5.0e-06","5.6","68.0","15.0","60.0","2012-07-30 01:53:37.061381","2012-07-30 01:53:37.061381","Differential Amplifiers","under_development"
"478","trans-diffamp-common.txt","Common-Mode Input","","1","5.0e-06","5.6","68.0","15.0","60.0","2012-07-30 01:53:37.085382","2012-07-30 01:53:37.085382","Differential Amplifiers","under_development"
"479","trans-diffamp-cursrc.txt","Common-Mode w/Current Source","","1","5.0e-06","5.6","60.0","15.0","52.0","2012-07-30 01:53:37.110384","2012-07-30 01:53:37.110384","Differential Amplifiers","under_development"
"480","pushpullxover.txt","Simple, with distortion","","1","5.0e-06","10.8122585013258","43.0","10.0","42.0","2012-07-30 01:53:37.137385","2012-07-30 01:53:37.137385","Push-Pull Follower","complete"
"481","pushpull.txt","Improved","","1","5.0e-06","10.3914096334558","43.0","10.0","42.0","2012-07-30 01:53:37.155386","2012-07-30 01:53:37.155386","Push-Pull Follower","complete"
"482","colpitts.txt","Colpitts Oscillator","","1","5.0e-06","2.8988752939671","50.0","5.0","50.0","2012-07-30 01:53:37.194388","2012-07-30 01:53:37.194388","Oscillators","under_development"
"483","hartley.txt","Hartley Oscillator","","1","5.0e-06","3.33393630769417","54.0","5.0","50.0","2012-07-30 01:53:37.214390","2012-07-30 01:53:37.214390","Oscillators","under_development"
"484","eclosc.txt","Emitter-Coupled LC Oscillator","","1","5.0e-06","8.63434833026695","49.0","1.0","50.0","2012-07-30 01:53:37.235391","2012-07-30 01:53:37.235391","Oscillators","under_development"
"485","nmosfet.txt","n-MOSFET","","1","5.0e-06","10.3914096334558","50.0","5.0","50.0","2012-07-30 01:53:37.259392","2012-07-30 01:53:37.259392","MOSFETs","under_development"
"486","pmosfet.txt","p-MOSFET","","1","5.0e-06","12.1853197684025","50.0","5.0","50.0","2012-07-30 01:53:37.269393","2012-07-30 01:53:37.269393","MOSFETs","under_development"
"487","mosswitch.txt","Switch","","1","5.0e-06","10.8122585013258","50.0","5.0","50.0","2012-07-30 01:53:37.279393","2012-07-30 01:53:37.279393","MOSFETs","under_development"
"488","mosfollower.txt","Source Follower","","1","5.0e-06","11.2510131860764","54.0","5.0","50.0","2012-07-30 01:53:37.290394","2012-07-30 01:53:37.290394","MOSFETs","under_development"
"489","moscurrentsrc.txt","Current Source","","1","5.0e-06","11.7084355248007","50.0","10.0","50.0","2012-07-30 01:53:37.301395","2012-07-30 01:53:37.301395","MOSFETs","under_development"
"490","moscurrentramp.txt","Current Ramp","","1","5.0e-06","15.5042475847526","55.0","10.0","50.0","2012-07-30 01:53:37.314395","2012-07-30 01:53:37.314395","MOSFETs","under_development"
"491","mosmirror.txt","Current Mirror","","1","5.0e-06","11.2510131860764","50.0","5.0","50.0","2012-07-30 01:53:37.330396","2012-07-30 01:53:37.330396","MOSFETs","under_development"
"492","mosfetamp.txt","Common-Source Amplifier","","1","5.0e-06","42.0593440120383","60.0","5.0","53.0","2012-07-30 01:53:37.351397","2012-07-30 01:53:37.351397","MOSFETs","under_development"
"493","cmosinverter.txt","CMOS Inverter","","0","5.0e-06","10.0","50.0","5.0","0.0","2012-07-30 01:53:37.386399","2012-07-30 01:53:37.386399","MOSFETs","under_development"
"494","cmosinvertercap.txt","CMOS Inverter (w/capacitance)","","1","1.0e-12","10.0","50.0","5.0","38.0","2012-07-30 01:53:37.399400","2012-07-30 01:53:37.399400","MOSFETs","under_development"
"495","cmosinverterslow.txt","CMOS Inverter (slow transition)","","1","3.0e-13","10.0","52.0","5.0","0.0","2012-07-30 01:53:37.417401","2012-07-30 01:53:37.417401","MOSFETs","under_development"
"496","cmostransgate.txt","CMOS Transmission Gate","","1","5.0e-06","16.1310863630829","50.0","5.0","50.0","2012-07-30 01:53:37.434402","2012-07-30 01:53:37.434402","MOSFETs","under_development"
"497","mux.txt","CMOS Multiplexer","","1","5.0e-06","19.7658352570979","58.0","5.0","50.0","2012-07-30 01:53:37.448403","2012-07-30 01:53:37.448403","MOSFETs","under_development"
"498","samplenhold.txt","Sample-and-Hold","","1","5.0e-06","10.0","74.0","5.0","81.0","2012-07-30 01:53:37.469404","2012-07-30 01:53:37.469404","MOSFETs","under_development"
"499","delayrc.txt","Delayed Buffer","","1","5.0e-09","10.0","54.0","5.0","0.0","2012-07-30 01:53:37.491405","2012-07-30 01:53:37.491405","MOSFETs","under_development"
"500","leadingedge.txt","Leading-Edge Detector","","1","4.0e-09","4.0","54.0","5.0","0.0","2012-07-30 01:53:37.521407","2012-07-30 01:53:37.521407","MOSFETs","under_development"
"501","switchfilter.txt","Switchable Filter","","1","1.2e-05","14.0","57.0","5.0","0.0","2012-07-30 01:53:37.576410","2012-07-30 01:53:37.576410","MOSFETs","under_development"
"502","voltinvert.txt","Voltage Inverter","","1","5.0e-06","3.5","62.0","5.0","0.0","2012-07-30 01:53:37.608412","2012-07-30 01:53:37.608412","MOSFETs","under_development"
"503","invertamp.txt","Inverter Amplifier","","1","5.0e-06","10.0","53.0","5.0","0.0","2012-07-30 01:53:37.628413","2012-07-30 01:53:37.628413","MOSFETs","under_development"
"504","inv-osc.txt","Inverter Oscillator","","1","5.0e-06","73.0","50.0","5.0","50.0","2012-07-30 01:53:37.645414","2012-07-30 01:53:37.645414","MOSFETs","under_development"
"505","555square.txt","Square Wave Generator","","1","5.0e-06","5.02327229870882","64.0","7.0","50.0","2012-07-30 01:53:37.659415","2012-07-30 01:53:37.659415","555 Timer Chip","under_development"
"506","555int.txt","Internals","","3","5.0e-06","5.0","64.0","7.0","0.0","2012-07-30 01:53:37.680416","2012-07-30 01:53:37.680416","555 Timer Chip","under_development"
"507","555saw.txt","Sawtooth Oscillator","","1","5.0e-06","16.8174141651845","66.0","15.0","50.0","2012-07-30 01:53:37.718418","2012-07-30 01:53:37.718418","555 Timer Chip","under_development"
"508","555lowduty.txt","Low-duty-cycle Oscillator","","1","5.0e-06","10.0","69.0","10.0","50.0","2012-07-30 01:53:37.756421","2012-07-30 01:53:37.756421","555 Timer Chip","under_development"
"509","555monostable.txt","Monostable Multivibrator","","1","5.0e-06","10.0","56.0","5.0","50.0","2012-07-30 01:53:37.775422","2012-07-30 01:53:37.775422","555 Timer Chip","under_development"
"510","555pulsemod.txt","Pulse Width Modulator","","1","5.0e-06","4.8","56.0","5.0","50.0","2012-07-30 01:53:37.793423","2012-07-30 01:53:37.793423","555 Timer Chip","under_development"
"511","555sequencer.txt","Pulse Sequencer","","3","5.0e-06","2.80097589089283","50.0","5.0","50.0","2012-07-30 01:53:37.816424","2012-07-30 01:53:37.816424","555 Timer Chip","under_development"
"512","555schmitt.txt","Schmitt Trigger (inverting)","","1","5.0e-06","10.3914096334558","56.0","5.0","50.0","2012-07-30 01:53:37.922430","2012-07-30 01:53:37.922430","555 Timer Chip","under_development"
"513","555missing.txt","Missing Pulse Detector","","1","5.0e-06","10.3914096334558","56.0","5.0","50.0","2012-07-30 01:53:37.956432","2012-07-30 01:53:37.956432","555 Timer Chip","under_development"
"514","filt-vcvs-lopass.txt","VCVS Low-Pass Filter","","1","5.0e-06","10.3914096334558","65.0","5.0","50.0","2012-07-30 01:53:37.982434","2012-07-30 01:53:37.982434","Active Filters","under_development"
"515","filt-vcvs-hipass.txt","VCVS High-Pass Filter","","1","5.0e-06","10.8122585013258","65.0","5.0","50.0","2012-07-30 01:53:38.003435","2012-07-30 01:53:38.003435","Active Filters","under_development"
"516","switchedcap.txt","Switched-Capacitor Filter","","1","5.0e-06","17.502039940094","50.0","5.0","50.0","2012-07-30 01:53:38.041437","2012-07-30 01:53:38.041437","Active Filters","under_development"
"517","allpass1.txt","Allpass","","1","5.0e-06","10.6342675398166","50.0","5.0","50.0","2012-07-30 01:53:38.061438","2012-07-30 01:53:38.061438","Active Filters","under_development"
"518","allpass2.txt","Allpass w/ Square","","1","5.0e-06","10.6342675398166","55.0","5.0","50.0","2012-07-30 01:53:38.075439","2012-07-30 01:53:38.075439","Active Filters","under_development"
"519","rtlinverter.txt","RTL Inverter","","1","5.0e-06","10.0","52.0","5.0","0.0","2012-07-30 01:53:38.089440","2012-07-30 01:53:38.089440","RTL","under_development"
"520","rtlnor.txt","RTL NOR","","1","5.0e-06","10.0","52.0","5.0","0.0","2012-07-30 01:53:38.102440","2012-07-30 01:53:38.102440","RTL","under_development"
"521","rtlnand.txt","RTL NAND","","1","5.0e-06","10.0","52.0","5.0","0.0","2012-07-30 01:53:38.125442","2012-07-30 01:53:38.125442","RTL","under_development"
"522","dtlinverter.txt","DTL Inverter","","1","5.0e-06","10.0","54.0","5.0","0.0","2012-07-30 01:53:38.142443","2012-07-30 01:53:38.142443","DTL","under_development"
"523","dtlnand.txt","DTL NAND","","1","5.0e-06","10.0","54.0","5.0","0.0","2012-07-30 01:53:38.157444","2012-07-30 01:53:38.157444","DTL","under_development"
"524","dtlnor.txt","DTL NOR","","1","5.0e-06","10.0","54.0","5.0","0.0","2012-07-30 01:53:38.178445","2012-07-30 01:53:38.178445","DTL","under_development"
"525","ttlinverter.txt","TTL Inverter","","1","5.0e-06","10.0","54.0","5.0","0.0","2012-07-30 01:53:38.222447","2012-07-30 01:53:38.222447","TTL","under_development"
"526","ttlnand.txt","TTL NAND","","1","5.0e-06","10.0","54.0","5.0","0.0","2012-07-30 01:53:38.235448","2012-07-30 01:53:38.235448","TTL","under_development"
"527","ttlnor.txt","TTL NOR","","1","5.0e-06","10.0","54.0","5.0","0.0","2012-07-30 01:53:38.253449","2012-07-30 01:53:38.253449","TTL","under_development"
"528","nmosinverter.txt","NMOS Inverter","","1","5.0e-06","10.0","54.0","5.0","0.0","2012-07-30 01:53:38.274450","2012-07-30 01:53:38.274450","NMOS","under_development"
"529","nmosinverter2.txt","NMOS Inverter 2","","1","5.0e-06","11.2510131860764","50.0","5.0","50.0","2012-07-30 01:53:38.285451","2012-07-30 01:53:38.285451","NMOS","under_development"
"530","nmosnand.txt","NMOS NAND","","1","5.0e-06","10.0","54.0","5.0","0.0","2012-07-30 01:53:38.298452","2012-07-30 01:53:38.298452","NMOS","under_development"
"531","cmosinverter.txt","CMOS Inverter","","0","5.0e-06","10.0","50.0","5.0","0.0","2012-07-30 01:53:38.314453","2012-07-30 01:53:38.314453","CMOS","under_development"
"532","cmosnand.txt","CMOS NAND","","0","5.0e-06","10.0","50.0","5.0","0.0","2012-07-30 01:53:38.327453","2012-07-30 01:53:38.327453","CMOS","under_development"
"533","cmosnor.txt","CMOS NOR","","0","5.0e-06","10.0","50.0","5.0","0.0","2012-07-30 01:53:38.347454","2012-07-30 01:53:38.347454","CMOS","under_development"
"534","cmosxor.txt","CMOS XOR","","0","5.0e-06","10.0","50.0","5.0","0.0","2012-07-30 01:53:38.367456","2012-07-30 01:53:38.367456","CMOS","under_development"
"535","cmosff.txt","CMOS Flip-Flop","","0","5.0e-06","10.0","50.0","5.0","0.0","2012-07-30 01:53:38.395457","2012-07-30 01:53:38.395457","CMOS","under_development"
"536","cmosmsff.txt","CMOS Master-Slave Flip-Flop","","0","5.0e-06","9.0","50.0","5.0","50.0","2012-07-30 01:53:38.456461","2012-07-30 01:53:38.456461","CMOS","under_development"
"537","eclnor.txt","ECL NOR/OR","","1","5.0e-06","2.21886925828933","54.0","1.5","58.0","2012-07-30 01:53:38.488463","2012-07-30 01:53:38.488463","ECL","under_development"
"538","3-cgand.txt","CGAND","","1","5.0e-06","11.2510131860764","50.0","5.0","50.0","2012-07-30 01:53:38.542466","2012-07-30 01:53:38.542466","Ternary","under_development"
"539","3-cgor.txt","CGOR","","1","5.0e-06","10.8122585013258","50.0","5.0","50.0","2012-07-30 01:53:38.603469","2012-07-30 01:53:38.603469","Ternary","under_development"
"540","3-invert.txt","Complement (F210)","","1","5.0e-06","10.8122585013258","50.0","5.0","50.0","2012-07-30 01:53:38.643471","2012-07-30 01:53:38.643471","Ternary","under_development"
"541","3-f211.txt","F211","","1","5.0e-06","10.8122585013258","50.0","5.0","50.0","2012-07-30 01:53:38.662472","2012-07-30 01:53:38.662472","Ternary","under_development"
"542","3-f220.txt","F220","","1","5.0e-06","10.8122585013258","50.0","5.0","50.0","2012-07-30 01:53:38.675473","2012-07-30 01:53:38.675473","Ternary","under_development"
"543","3-f221.txt","F221","","1","5.0e-06","10.8122585013258","50.0","5.0","50.0","2012-07-30 01:53:38.688474","2012-07-30 01:53:38.688474","Ternary","under_development"
"544","xor.txt","Exclusive OR","","1","5.0e-06","1.5","50.0","5.0","0.0","2012-07-30 01:53:38.702475","2012-07-30 01:53:38.702475","Combinational Logic","under_development"
"545","halfadd.txt","Half Adder","","1","5.0e-06","1.5","50.0","5.0","0.0","2012-07-30 01:53:38.719476","2012-07-30 01:53:38.719476","Combinational Logic","under_development"
"546","fulladd.txt","Full Adder","","1","5.0e-06","1.5","50.0","5.0","0.0","2012-07-30 01:53:38.736477","2012-07-30 01:53:38.736477","Combinational Logic","under_development"
"547","decoder.txt","1-of-4 Decoder","","1","5.0e-06","1.5","50.0","5.0","0.0","2012-07-30 01:53:38.766478","2012-07-30 01:53:38.766478","Combinational Logic","under_development"
"548","mux3state.txt","2-to-1 Mux","","0","5.0e-06","1.5","50.0","5.0","0.0","2012-07-30 01:53:38.814481","2012-07-30 01:53:38.814481","Combinational Logic","under_development"
"549","majority.txt","Majority Logic","","1","5.0e-06","1.5","50.0","5.0","0.0","2012-07-30 01:53:38.848483","2012-07-30 01:53:38.848483","Combinational Logic","under_development"
"550","digcompare.txt","2-Bit Comparator","","3","5.0e-06","1.5","50.0","5.0","0.0","2012-07-30 01:53:38.876485","2012-07-30 01:53:38.876485","Combinational Logic","under_development"
"551","7segdecoder.txt","7-Segment LED Decoder","","3","5.0e-06","10.20027730827","50.0","5.0","50.0","2012-07-30 01:53:38.944489","2012-07-30 01:53:38.944489","Combinational Logic","under_development"
"552","nandff.txt","SR Flip-Flop","","1","5.0e-06","1.5","50.0","5.0","50.0","2012-07-30 01:53:39.088497","2012-07-30 01:53:39.088497","Flip-Flops","under_development"
"553","clockedsrff.txt","Clocked SR Flip-Flop","","1","5.0e-06","10.0","50.0","5.0","0.0","2012-07-30 01:53:39.107498","2012-07-30 01:53:39.107498","Flip-Flops","under_development"
"554","masterslaveff.txt","Master-Slave Flip-Flop","","1","5.0e-06","10.0","50.0","5.0","0.0","2012-07-30 01:53:39.150500","2012-07-30 01:53:39.150500","Flip-Flops","under_development"
"555","edgedff.txt","Edge-Triggered D Flip-Flop","","1","5.0e-06","10.0","50.0","5.0","0.0","2012-07-30 01:53:39.191503","2012-07-30 01:53:39.191503","Flip-Flops","under_development"
"556","jkff.txt","JK Flip-Flop","","1","5.0e-06","10.8122585013258","50.0","5.0","50.0","2012-07-30 01:53:39.234505","2012-07-30 01:53:39.234505","Flip-Flops","under_development"
"557","counter.txt","4-Bit Ripple Counter","","1","5.0e-06","10.0","50.0","5.0","0.0","2012-07-30 01:53:39.281508","2012-07-30 01:53:39.281508","Counters","under_development"
"558","counter8.txt","8-Bit Ripple Counter","","3","5.0e-06","23.0","50.0","5.0","0.0","2012-07-30 01:53:39.347512","2012-07-30 01:53:39.347512","Counters","under_development"
"559","synccounter.txt","Synchronous Counter","","3","5.0e-06","10.0","50.0","5.0","0.0","2012-07-30 01:53:39.417516","2012-07-30 01:53:39.417516","Counters","under_development"
"560","deccounter.txt","Decimal Counter","","3","5.0e-06","13.0","50.0","5.0","0.0","2012-07-30 01:53:39.461518","2012-07-30 01:53:39.461518","Counters","under_development"
"561","graycode.txt","Gray Code Counter","","3","5.0e-06","23.0","50.0","5.0","50.0","2012-07-30 01:53:39.535522","2012-07-30 01:53:39.535522","Counters","under_development"
"562","johnsonctr.txt","Johnson Counter","","3","5.0e-06","10.3914096334558","50.0","5.0","50.0","2012-07-30 01:53:39.576525","2012-07-30 01:53:39.576525","Counters","under_development"
"563","divideby2.txt","Divide-by-2","","1","5.0e-06","10.0","50.0","5.0","0.0","2012-07-30 01:53:39.682531","2012-07-30 01:53:39.682531","Sequential Logic","under_development"
"564","divideby3.txt","Divide-by-3","","1","5.0e-06","10.0","50.0","5.0","0.0","2012-07-30 01:53:39.694531","2012-07-30 01:53:39.694531","Sequential Logic","under_development"
"565","ledflasher.txt","LED Flasher","","17","5.0e-06","2.183","50.0","5.0","50.0","2012-07-30 01:53:39.715533","2012-07-30 01:53:39.715533","Sequential Logic","under_development"
"566","traffic.txt","Traffic Light","","3","0.0012","3.84","50.0","5.0","50.0","2012-07-30 01:53:39.757535","2012-07-30 01:53:39.757535","Sequential Logic","under_development"
"567","dram.txt","Dynamic RAM","","3","5.0e-06","5.0","86.0","5.0","50.0","2012-07-30 01:53:39.814538","2012-07-30 01:53:39.814538","Sequential Logic","under_development"
"568","flashadc.txt","Flash ADC","","3","5.0e-06","6.75","58.0","7.0","0.0","2012-07-30 01:53:39.898543","2012-07-30 01:53:39.898543","Analog/Digital","under_development"
"569","deltasigma.txt","Delta-Sigma ADC","","3","5.0e-06","12.1853197684025","50.0","5.0","50.0","2012-07-30 01:53:39.957547","2012-07-30 01:53:39.957547","Analog/Digital","under_development"
"570","hfadc.txt","Half-Flash (Subranging) ADC","","3","5.0e-06","11.2510131860764","50.0","5.0","50.0","2012-07-30 01:53:40.012550","2012-07-30 01:53:40.012550","Analog/Digital","under_development"
"571","dac.txt","Binary-Weighted DAC","","1","5.0e-06","10.0","50.0","5.0","0.0","2012-07-30 01:53:40.055552","2012-07-30 01:53:40.055552","Analog/Digital","under_development"
"572","r2rladder.txt","R-2R Ladder DAC","","1","5.0e-06","10.0","64.0","5.0","0.0","2012-07-30 01:53:40.079554","2012-07-30 01:53:40.079554","Analog/Digital","under_development"
"573","swtreedac.txt","Switch-Tree DAC","","3","5.0e-06","10.3914096334558","50.0","5.0","50.0","2012-07-30 01:53:40.124556","2012-07-30 01:53:40.124556","Analog/Digital","under_development"
"574","digsine.txt","Digital Sine Wave","","3","5.0e-06","10.0","69.0","5.0","0.0","2012-07-30 01:53:40.170559","2012-07-30 01:53:40.170559","Analog/Digital","under_development"
"575","xorphasedet.txt","XOR Phase Detector","","1","5.0e-06","10.0","50.0","5.0","0.0","2012-07-30 01:53:40.236562","2012-07-30 01:53:40.236562","Phase-Locked Loops","under_development"
"576","pll.txt","Type I PLL","","1","5.0e-06","16.1310863630829","65.0","5.0","50.0","2012-07-30 01:53:40.251563","2012-07-30 01:53:40.251563","Phase-Locked Loops","under_development"
"577","phasecomp.txt","Phase Comparator (Type II)","","1","5.0e-06","10.0","53.0","5.0","0.0","2012-07-30 01:53:40.275565","2012-07-30 01:53:40.275565","Phase-Locked Loops","under_development"
"578","phasecompint.txt","Phase Comparator Internals","","1","5.0e-06","10.0","53.0","5.0","0.0","2012-07-30 01:53:40.293566","2012-07-30 01:53:40.293566","Phase-Locked Loops","under_development"
"579","pll2.txt","Type II PLL","","1","5.0e-06","15.5","60.0","5.0","0.0","2012-07-30 01:53:40.323567","2012-07-30 01:53:40.323567","Phase-Locked Loops","under_development"
"580","pll2a.txt","Type II PLL (fast)","","1","5.0e-06","15.0","64.0","5.0","0.0","2012-07-30 01:53:40.347569","2012-07-30 01:53:40.347569","Phase-Locked Loops","under_development"
"581","freqdouble.txt","Frequency Doubler","","1","5.0e-06","6.75","61.0","5.0","0.0","2012-07-30 01:53:40.391571","2012-07-30 01:53:40.391571","Phase-Locked Loops","under_development"
"582","tl.txt","Simple TL","","1","5.0e-12","10.3914096334558","50.0","5.0","50.0","2012-07-30 01:53:40.419573","2012-07-30 01:53:40.419573","Transmission Lines","under_development"
"583","tlstand.txt","Standing Wave","","1","1.0e-12","2.7070718156067","50.0","5.0","50.0","2012-07-30 01:53:40.429574","2012-07-30 01:53:40.429574","Transmission Lines","under_development"
"584","tlterm.txt","Termination","","1","5.0e-12","14.3045741860671","50.0","5.0","50.0","2012-07-30 01:53:40.445574","2012-07-30 01:53:40.445574","Transmission Lines","under_development"
"585","tlmismatch.txt","Mismatched lines (Pulse)","","1","5.0e-12","12.6824939607035","50.0","5.0","50.0","2012-07-30 01:53:40.475576","2012-07-30 01:53:40.475576","Transmission Lines","under_development"
"586","tlmis1.txt","Mismatched lines (Standing Wave)","","0","5.0e-12","23.2598950935267","50.0","5.0","50.0","2012-07-30 01:53:40.489577","2012-07-30 01:53:40.489577","Transmission Lines","under_development"
"587","tlmatch1.txt","Impedance Matching (L-Section)","","1","1.0e-11","25.2378221438326","52.0","4.0","50.0","2012-07-30 01:53:40.507578","2012-07-30 01:53:40.507578","Transmission Lines","under_development"
"588","tlmatch2.txt","Impedance Matching (Shunt Stub)","","1","1.0e-11","12.6824939607035","52.0","4.0","50.0","2012-07-30 01:53:40.539580","2012-07-30 01:53:40.539580","Transmission Lines","under_development"
"589","tlfreq.txt","Stub Frequency Response","","1","5.0e-12","13.2008213762272","50.0","5.0","50.0","2012-07-30 01:53:40.590583","2012-07-30 01:53:40.590583","Transmission Lines","under_development"
"590","tllopass.txt","Low-Pass Filter","","1","5.0e-13","11.7084355248007","50.0","5.0","50.0","2012-07-30 01:53:40.612584","2012-07-30 01:53:40.612584","Transmission Lines","under_development"
"591","tllight.txt","Light Switch","","1","1.0e-11","25.2378221438326","37.0","120.0","50.0","2012-07-30 01:53:40.642586","2012-07-30 01:53:40.642586","Transmission Lines","under_development"
"592","jfetcurrentsrc.txt","JFET Current Source","","1","5.0e-06","10.0","58.0","10.0","0.0","2012-07-30 01:53:40.658587","2012-07-30 01:53:40.658587","JFETs","under_development"
"593","jfetfollower.txt","JFET Follower","","1","5.0e-06","10.0","60.0","5.0","58.0","2012-07-30 01:53:40.671587","2012-07-30 01:53:40.671587","JFETs","under_development"
"594","jfetfollower-nooff.txt","JFET Follower w/zero offset","","1","5.0e-06","10.0","50.0","5.0","0.0","2012-07-30 01:53:40.683588","2012-07-30 01:53:40.683588","JFETs","under_development"
"595","jfetamp.txt","Common-Source Amplifier","","1","5.0e-06","32.0","60.0","5.0","53.0","2012-07-30 01:53:40.697589","2012-07-30 01:53:40.697589","JFETs","under_development"
"596","volume.txt","Volume Control","","1","5.0e-06","10.0","67.0","5.0","64.0","2012-07-30 01:53:40.713590","2012-07-30 01:53:40.713590","JFETs","under_development"
"597","tdiode.txt","I/V Curve","","1","5.0e-06","10.6342675398166","56.0","2.0","50.0","2012-07-30 01:53:40.744592","2012-07-30 01:53:40.744592","Tunnel Diodes","under_development"
"598","tdosc.txt","LC Oscillator","","1","5.0e-06","10.20027730827","54.0","1.5","50.0","2012-07-30 01:53:40.754592","2012-07-30 01:53:40.754592","Tunnel Diodes","under_development"
"599","tdrelax.txt","Relaxation Oscillator","","1","5.0e-06","10.20027730827","54.0","1.5","50.0","2012-07-30 01:53:40.772593","2012-07-30 01:53:40.772593","Tunnel Diodes","under_development"
"600","mr.txt","Memristor","","1","2.0e-08","1.38045741860671","52.0","5.0","50.0","2012-07-30 01:53:40.785594","2012-07-30 01:53:40.785594","Memristors","under_development"
"601","mr-sine.txt","Sine Wave","","1","5.0e-08","9.78399845368213","72.0","1.0","50.0","2012-07-30 01:53:40.794594","2012-07-30 01:53:40.794594","Memristors","under_development"
"602","mr-square.txt","Square Wave","","1","5.0e-08","9.78399845368213","72.0","1.0","50.0","2012-07-30 01:53:40.803595","2012-07-30 01:53:40.803595","Memristors","under_development"
"603","mr-triangle.txt","Triangle Wave","","1","5.0e-08","9.78399845368213","72.0","1.0","50.0","2012-07-30 01:53:40.812595","2012-07-30 01:53:40.812595","Memristors","under_development"
"604","mr-sine2.txt","Hard-Switching 1","","1","5.0e-08","9.78399845368213","72.0","1.0","50.0","2012-07-30 01:53:40.821596","2012-07-30 01:53:40.821596","Memristors","under_development"
"605","mr-sine3.txt","Hard-Switching 2","","1","5.0e-08","9.78399845368213","72.0","1.0","50.0","2012-07-30 01:53:40.830596","2012-07-30 01:53:40.830596","Memristors","under_development"
"606","mr-crossbar.txt","Crossbar Memory","","1","5.0e-09","5.02327229870882","52.0","1.0","50.0","2012-07-30 01:53:40.844597","2012-07-30 01:53:40.844597","Memristors","under_development"
"607","triode.txt","Triode","","1","5.0e-06","10.20027730827","50.0","5.0","50.0","2012-07-30 01:53:40.879599","2012-07-30 01:53:40.879599","Triodes","under_development"
"608","triodeamp.txt","Amplifier","","1","5.0e-06","11.0867227125981","60.0","3.0","53.0","2012-07-30 01:53:40.891600","2012-07-30 01:53:40.891600","Triodes","under_development"
"609","scr.txt","SCR","","1","5.0e-06","10.20027730827","50.0","5.0","50.0","2012-07-30 01:53:40.910601","2012-07-30 01:53:40.910601","Silicon-Controlled Rectifiers","under_development"
"610","scractrig.txt","AC Trigger","","1","5.0e-06","10.20027730827","49.0","5.0","50.0","2012-07-30 01:53:40.938603","2012-07-30 01:53:40.938603","Silicon-Controlled Rectifiers","under_development"
"611","cc2.txt","CCII+","","1","5.0e-06","10.20027730827","50.0","5.0","50.0","2012-07-30 01:53:40.950603","2012-07-30 01:53:40.950603","Current Conveyor","under_development"
"612","cc2n.txt","CCII-","","1","5.0e-06","10.20027730827","50.0","5.0","50.0","2012-07-30 01:53:40.960604","2012-07-30 01:53:40.960604","Current Conveyor","under_development"
"613","ccinductor.txt","Inductor Simulator","","1","5.0e-06","10.20027730827","48.0","5.0","50.0","2012-07-30 01:53:40.973605","2012-07-30 01:53:40.973605","Current Conveyor","under_development"
"614","cc2imp.txt","CCII+ Implementation","","1","5.0e-06","1.12084355248007","51.0","5.0","50.0","2012-07-30 01:53:41.000606","2012-07-30 01:53:41.000606","Current Conveyor","under_development"
"615","cc2impn.txt","CCII- Implementation","","1","5.0e-06","1.12084355248007","51.0","5.0","50.0","2012-07-30 01:53:41.038608","2012-07-30 01:53:41.038608","Current Conveyor","under_development"
"616","cciamp.txt","Current Amplifier","","1","5.0e-06","10.20027730827","50.0","5.0","50.0","2012-07-30 01:53:41.082611","2012-07-30 01:53:41.082611","Current Conveyor","under_development"
"617","ccvccs.txt","VCCS","","1","5.0e-06","10.20027730827","50.0","5.0","50.0","2012-07-30 01:53:41.095612","2012-07-30 01:53:41.095612","Current Conveyor","under_development"
"618","ccdiff.txt","Current Differentiator","","1","5.0e-06","10.20027730827","50.0","5.0","50.0","2012-07-30 01:53:41.125613","2012-07-30 01:53:41.125613","Current Conveyor","under_development"
"619","ccint.txt","Current Integrator","","1","5.0e-06","10.20027730827","50.0","5.0","50.0","2012-07-30 01:53:41.144614","2012-07-30 01:53:41.144614","Current Conveyor","under_development"
"620","ccitov.txt","Current-Controlled Voltage Source","","1","5.0e-06","10.20027730827","59.0","5.0","50.0","2012-07-30 01:53:41.160615","2012-07-30 01:53:41.160615","Current Conveyor","under_development"
"621","spark-sawtooth.txt","Sawtooth Generator","","1","1.0e-06","43.8488389340717","66.0","2000.0","50.0","2012-07-30 01:53:41.178616","2012-07-30 01:53:41.178616","Spark Gap","under_development"
"622","tesla.txt","Tesla Coil","","1","1.0e-08","12.2356337507453","30.0","120.0","50.0","2012-07-30 01:53:41.192617","2012-07-30 01:53:41.192617","Spark Gap","under_development"
"623","spark-marx.txt","Marx Generator","","1","2.0e-05","13.0974153210819","66.0","2000.0","50.0","2012-07-30 01:53:41.216619","2012-07-30 01:53:41.216619","Spark Gap","under_development"
"624","blank.txt","Blank Circuit","","1","5.0e-06","10.0","50.0","5.0","0.0","2012-07-30 01:53:41.248620","2012-07-30 01:53:41.248620","root","under_development"
